22,45,40,0,16,15,21,10,52,41,34,47,5,2,33,25,20,30,27,37,39,28,49,24,36,35,51,6,8,14,18,31,4,38,54,50,46,32,23,42,17,7,11,29,12,44,53,26,48,19,43,3,1,13,9
身體,乾淨,廢氣,運作,突然,找數,從來,新款,攞,名牌,平時,鋪頭,包括,喜好,鬧,贊,放工,聽晚,遲到,練習,小朋友,有時,州,古典,鬼婆,生意,菲律賓,婆婆,爭,手指,健康,老闆,約會,投訴,差,金髮,蠢,瑞士,請,火腿腸,骨頭,票,同時,就嚟,鎖匙,韓文,杯,蛋捲,通常,新冠,類,照顧,電子郵件,粉絲,半
努力,毛巾,污染,要求,之前,打工,實在,裝修,近排,手袋,見識,食蕉,發現,麻煩,反胃,勇敢,出去,聽朝,大話,冰球,老婆,一鑊熟,茂名,文字,講笑,疫情,泰國,聽眾,跌,老虎機,醫院,百貨公司,情侶,壞人,長,金色,大膽,葡萄牙,揀,炒魷魚,狼,一半,方面,跟住,直行,語言,切,蔥油餅,全部,國際,,護士,護照,熱狗,千
一起,紙巾,空氣,準備,時差,收兵,結果,買餸,出世,客人,不如,難食,成為,清楚,打冷震,悲,落去,今朝,好人,網球,太太,感覺,穆斯林,履歷,下巴,生意人,朝鮮,女士,輸,頭,醫生,售貨員,拍拖,傷害,價錢,白頭髮,純熟,海馬,推薦,油,捉蟲,折扣,加上,頭先,洗手間,學習,碗,雨傘,尺寸,中碼,,姜,駕駛證,狗,百
不停,沖涼,種樹,資格,經過,騎牛搵馬,而且,搬屋,即係,太陽眼鏡,做得好,奶昔,顯示,滿意,曳,悲劇,眼瞓,每日,做人,瑜伽,丈夫,痛,國籍,思考,嘴,經濟,韓國,嵗,贏,風車,檢查,經理,分手,上頭,慢,濃密,肉酸,澳門,介紹,肥牛,孔雀,運費,壓力,咩,巴士站,學科,肚,魚蛋,多數,報紙,,,身份證,,零
冥想,奶,地氈,取消,發生,賺錢,如果,訂,仲係,剪頭髮,見得,快餐,展示,詳細,喊,熱鬧,一陣,今晚,戴綠帽,比賽,哥哥,小心,白人,畫畫,肥,,總統,小姐,追,巴士,職業,員工,離婚,街上,高,櫻花,聰明,廣州,幫,甜甜圈,腳,總數,非常,係咪,車死,讀,煮,士多,或者,假,,,號碼,,十
嘗試,洗衫,荒地,決定,已經,畀錢,絕,賣,轉左,眼鏡,裡面,北京烤鴨,,難,嘔,歡迎光臨,瞓醒,上晝,雞同鴨講,魔術,子女,察覺,黑人,品味,八婆,,亞洲,先生,走,動作片,專家,廚師,結婚,危險,貴,氣球,低級,,做,蜂蜜,駱駝,積分,更加,鬼佬,等一等,粵語,粥,月餅,用,高鐵,,,收據,,九
一下,刷牙,沙漠,堅持,之後,花錢,永遠,買,同埋,剪髮,大家,小籠包,,方便,喉嚨痛,生活,傾,下晝,收聲,馬,媽媽,太,歌手,寫完,搞笑,,古巴,教授,,科幻片,物理,渣打銀行,單身,警察,平,外套,出色,,叫,柿子,動物,紅包,精神,遲啲,樓梯,考試,枱,便當,去,微信,,,賬單,,八
想要,水龍頭,位置,放棄,第二度,窮人,當然,租,啱,化妝品,出面,點心,,可以,嘔吐,萬事如意,掛住,半夜,老實,騎馬,公主,介意,名,音樂劇,扮蟹,,奧巴馬,晴朗,,的士,科學家,公司,喜劇,差佬,蚊,頭髮,襯,,,青蘋果,小白兔,學費,希望,諗,退房,科學,筷子,蛋,,大陸,,,信封,,七
一直,香水,坑渠,指示,二月,賭錢,結果,街,嗰陣,化妝,上個,甜品,,,食煙,身體健康,傾計,夜晚,講嘢,踢波,爸爸,覺得,紐約,筆,姣婆,,義大利,貴姓,,飛機,整容,工程師,愛情片,無間道,分,雲,出名,,,酸奶,老虎,美金,令,冇事,塞,數學,飯,麵包,,北京,,,股票,,五
常常,牛仔褲,地方,按照,年,,雖然,,亦都,牌子,好玩,汽水,,,嘈,新年快樂,落雨,中午,錯,棒球,細佬,怕,華裔,一張,笑容,,日本,姓,,線,生病,會計,旅行,,,彩虹,勤力,,,牛肉,天使,毫,刺激,好彩,間房,老師,,三明治,,蘋果,,,交易,,四
一切,拖鞋,草坪,開會,時間,,原因,,比,,小小,公仔麵,,,丟,最愛,得閒,晏晝,對唔住,跳舞,小丸子,小氣,,寫,串,,非洲,,,皮球,病毒,星巴克,美劇,,,帽,懶,,,榴蓮,倉鼠,元,宗教,即刻,停車,西班牙文,,餅,,香港,,,結餘,,三
自己,鞋,白雲,會,已,,問題,,咗,,以前,雞脾,,,飲醉,中秋節,一齊,朝早,出貓,溜冰,劉德華,有風,,歷史,戇,,越南,,,鏡,發燒,司機,,,,襯衫,叻,,,草,企鵝,,需要,第時,車站,中學,,披薩,,,,,戶口,,二
正在,泡,藍天,期望,開始,,例子,,但係,,又,海鮮,,,唱歌,樂觀,凳,幾點,聽,攀石,姐姐,明白,,音樂,醜,,加拿大,,,遊戲,,,,,,粉紅色,大方,,,玫瑰花,長頸鹿,,運動,識得,坐,大學,,糖果,,,,,簽名,,一
來,雪櫃,海邊,工程,秋天,,相信,,細,,都,午餐,,,,生日快樂,屋企,禮拜,有事,游水,妹妹,想,,電影,開玩笑,,法國,,,機器人,,,,,,衫,醒目,,,蜜瓜,山羊,,,唔得,落車,中文,,,,,,,密碼,,六
繼續,冷氣,地球,同意,夏天,,所以,,面,,上面,餐牌,,,,快樂,影相,禮拜六,,跳水,老公,,,文化,扮,,美國,,,手提電腦,,,,,,閃電,靚女,,,蔬菜,貓,,,驚,廁所,翻譯,,,,,,,地址,,
著,床,風景,,春天,,因為,,畀,,就,嘢食,,,,生日,行街,禮拜五,,排球,朋友,,,,攪笑,,臺灣,,,過山車,,,,,,顏色,靚仔,,,蝦,烏龜,,,成日,上樓,廣東話,,,,,,,銀行,,
要,濕,白天,,最近,,可能,,而家,,呢,食晏,,,,開開心心,鐘,禮拜三,,踢足球,,,,,笑,,英國,,,手機,,,,,,橘子,得意,,,橙汁,大笨象,,,唔該,房,史,,,,,,,銀行卡,,
,涼爽,教堂,,以後,,,,喺,,,牛扒,,,,祝福,番工,禮拜二,,跑步,,,,,,,,,,電話,,,,,,藍色,中意,,,草莓,蝴蝶,,,點解,開門,小學,,,,,,,信用卡,,
,熱,冬天,,今天,,,,少少,,,餐館,,,,恭喜,上堂,禮拜一,,,,,,,,,,,,電腦,,,,,,黃色,,,,藍莓,北極熊,,,拎,開,,,,,,,,信用咭,,
,飲水,春夏秋冬,,後,,,,呢啲,,,埋單,,,,傷心,起身,後日,,,,,,,,,,,,電視,,,,,,綠色,,,,綠茶,河馬,,,細路仔,,,,,,,,,,,
,,落雪,,由,,,,好似,,,奶茶,,,,禮物,攰,聽日,,,,,,,,,,,,汽車,,,,,,紅色,,,,冰淇淋,蜜蜂,,,做嘢,,,,,,,,,,,
,,城市,,,,,,嘅,,,凍,,,,母親節,瞓覺,禮拜四,,,,,,,,,,,,,,,,,,灰色,,,,粟米,老鼠,,,幾時,,,,,,,,,,,
,,天氣,,,,,,同,,,好味,,,,晴天,喺度,雷暴,,,,,,,,,,,,,,,,,,紫色,,,,荷蘭豆,獅子,,,喇,,,,,,,,,,,
,,石頭,,,,,,,,,餓,,,,開心,日日,明天,,,,,,,,,,,,,,,,,,白色,,,,涼瓜,青蛙,,,點啊,,,,,,,,,,,
,,,,,,,,,,,早餐,,,,再見,,今日,,,,,,,,,,,,,,,,,,黑色,,,,絲瓜,角,,,邊度,,,,,,,,,,,
,,,,,,,,,,,咖啡,,,,,,有雨,,,,,,,,,,,,,,,,,,橙色,,,,番薯,,,,啫,,,,,,,,,,,
,,,,,,,,,,,茶,,,,,,多雲,,,,,,,,,,,,,,,,,,,,,,湯,,,,識,,,,,,,,,,,
,,,,,,,,,,,好食,,,,,,晚上,,,,,,,,,,,,,,,,,,,,,,雞肉,,,,㗎,,,,,,,,,,,
,,,,,,,,,,,食物,,,,,,晚安,,,,,,,,,,,,,,,,,,,,,,韭菜,,,,唔好,,,,,,,,,,,
,,,,,,,,,,,漢堡包,,,,,,拜拜,,,,,,,,,,,,,,,,,,,,,,燈籠椒,,,,乜嘢,,,,,,,,,,,
,,,,,,,,,,,薯條,,,,,,幾點鐘,,,,,,,,,,,,,,,,,,,,,,蘆筍,,,,唔好意思,,,,,,,,,,,
,,,,,,,,,,,肚餓,,,,,,早晨,,,,,,,,,,,,,,,,,,,,,,辣椒,,,,咪,,,,,,,,,,,
,,,,,,,,,,,食齋,,,,,,,,,,,,,,,,,,,,,,,,,,,,冬瓜,,,,咁,,,,,,,,,,,
,,,,,,,,,,,,,,,,,,,,,,,,,,,,,,,,,,,,,,,青瓜,,,,咁樣,,,,,,,,,,,
,,,,,,,,,,,,,,,,,,,,,,,,,,,,,,,,,,,,,,,蒜頭,,,,,,,,,,,,,,,
,,,,,,,,,,,,,,,,,,,,,,,,,,,,,,,,,,,,,,,蔥,,,,,,,,,,,,,,,
,,,,,,,,,,,,,,,,,,,,,,,,,,,,,,,,,,,,,,,番茄,,,,,,,,,,,,,,,
,,,,,,,,,,,,,,,,,,,,,,,,,,,,,,,,,,,,,,,矮瓜,,,,,,,,,,,,,,,
,,,,,,,,,,,,,,,,,,,,,,,,,,,,,,,,,,,,,,,薯仔,,,,,,,,,,,,,,,
,,,,,,,,,,,,,,,,,,,,,,,,,,,,,,,,,,,,,,,青豆,,,,,,,,,,,,,,,
,,,,,,,,,,,,,,,,,,,,,,,,,,,,,,,,,,,,,,,南瓜,,,,,,,,,,,,,,,
,,,,,,,,,,,,,,,,,,,,,,,,,,,,,,,,,,,,,,,洋蔥,,,,,,,,,,,,,,,
,,,,,,,,,,,,,,,,,,,,,,,,,,,,,,,,,,,,,,,大白菜,,,,,,,,,,,,,,,
,,,,,,,,,,,,,,,,,,,,,,,,,,,,,,,,,,,,,,,生菜,,,,,,,,,,,,,,,
,,,,,,,,,,,,,,,,,,,,,,,,,,,,,,,,,,,,,,,菠菜,,,,,,,,,,,,,,,
,,,,,,,,,,,,,,,,,,,,,,,,,,,,,,,,,,,,,,,紅蘿蔔,,,,,,,,,,,,,,,
,,,,,,,,,,,,,,,,,,,,,,,,,,,,,,,,,,,,,,,西蘭花,,,,,,,,,,,,,,,
,,,,,,,,,,,,,,,,,,,,,,,,,,,,,,,,,,,,,,,汁,,,,,,,,,,,,,,,
,,,,,,,,,,,,,,,,,,,,,,,,,,,,,,,,,,,,,,,餃子,,,,,,,,,,,,,,,
,,,,,,,,,,,,,,,,,,,,,,,,,,,,,,,,,,,,,,,水果,,,,,,,,,,,,,,,
,,,,,,,,,,,,,,,,,,,,,,,,,,,,,,,,,,,,,,,提子,,,,,,,,,,,,,,,
,,,,,,,,,,,,,,,,,,,,,,,,,,,,,,,,,,,,,,,檸檬,,,,,,,,,,,,,,,
,,,,,,,,,,,,,,,,,,,,,,,,,,,,,,,,,,,,,,,梨,,,,,,,,,,,,,,,
,,,,,,,,,,,,,,,,,,,,,,,,,,,,,,,,,,,,,,,士多啤梨,,,,,,,,,,,,,,,
,,,,,,,,,,,,,,,,,,,,,,,,,,,,,,,,,,,,,,,芒果,,,,,,,,,,,,,,,
,,,,,,,,,,,,,,,,,,,,,,,,,,,,,,,,,,,,,,,西瓜,,,,,,,,,,,,,,,
,,,,,,,,,,,,,,,,,,,,,,,,,,,,,,,,,,,,,,,香蕉,,,,,,,,,,,,,,,
